{"cameraMode":{"drawMode":0,"name":"Shaded","section":"Shading Mode"},"sceneLighting":true,"audioPlay":false,"sceneViewState":{"m_AlwaysRefresh":false,"showFog":true,"showSkybox":true,"showFlares":true,"showImageEffects":true,"showParticleSystems":true,"showVisualEffectGraphs":true,"m_FxEnabled":true},"in2DMode":false,"pivot":{"x":601.2044677734375,"y":440.4224853515625,"z":127.53692626953125},"rotation":{"x":-0.05577981099486351,"y":-0.005393827799707651,"z":0.0003015202528331429,"w":-0.9984290599822998},"size":132.90835571289063,"orthographic":false}